NLS,Annotation,Origin,Reference
KRx{10}KKKL,Nucleoplasmin,EXPERIMENTAL,"9922449|Moore JD,J Cell Biol. 1999 Jan 25;144,213-24"
PKKKRKV,"SV40,LrgT",EXPERIMENTAL,"6096007|Kalderon D.,Cell.,1984,39,499-509"
PKKNRLRRP,BRCA1,EXPERIMENTAL,"8955125|Chen CF,J.Biol.Chem.1996,271,32863-32868"
PKRPRDRHDGELGGRKRARG,VirD2-Cterm,EXPERIMENTAL,"1502156|Tinland B,PNAS,1992,16,7442-6"
PLLKKIKQ,c-myb,EXPERIMENTAL,"2553699|Dang and Lee,J Biol Chem,1989,264,18019"
PNKKKRK,SV40(VP2),EXPERIMENTAL,"2824820|Wychowski C,J Virology,1987,61,3862"
PPQKKIKS,N-myc,EXPERIMENTAL,"2553699|Dang and Lee,J Biol Chem,1989,264,18019"
PPRIYPQLPSAPT,BDV-P,EXPERIMENTAL,"9811710|Shoya Y,J.Virol.1998,72,9755-62"
PPRKKRTVV,NS5A,EXPERIMENTAL,"8982089|Ide Y,Gene,1996,182,203-11"
PPVKRERTS,RanBP3,EXPERIMENTAL,"10567565|Welch K,Mol Cell,Biol.1999,19,8400-11"
PQPKKKP,p53,EXPERIMENTAL,"2553699|Dang and Lee,J Biol Chem,1989,264,18019"
PQSRKKLR,Max,EXPERIMENTAL,"1730412|Kato G,Genes.Dev.,1992,6,81"
PRGRRQPIPKARQP,HCV,EXPERIMENTAL,"7802660|Chang SC,BiocBiopResCom,1994,205,1284-90"
PRPRKIPR,BDV-P,EXPERIMENTAL,"9811710|Shoya Y,J.Virol.1998,72,9755-62"
PRRGPR,HCV,EXPERIMENTAL,"7802660|Chang SC,BiocBiopResCom,1994,205,1284-90"
PRRRK,SOX9,EXPERIMENTAL,"9346931|Sudbeck P,J.Biol.Chem.1997,272,27848-52"
PYLNKRKGKP,Pho4p,EXPERIMENTAL,"10567565|Welch K,Mol Cell,Biol.1999,19,8400-11"
PKKARED,polyoma,EXPERIMENTAL,"3000623|Lrg-T Richardson W,Cell,1986,44,77"
PAKRARRGYK,CPVcapsid,EXPERIMENTAL,"9428689|Vihinen-Ranta M,Eur J Biochem.,1997,250,389-94"
"KRx{7,9}PQPKKKP",p53-NLS1,EXPERIMENTAL,"10321742|Liang SH,Oncogene,1999,18,2163-6"
KSKKKAQ,HIV1423,EXPERIMENTAL,"9020149|Nadler SG,J.Biol.Chem.1997,272,4310-4315"
KTRKHRG,L29,EXPERIMENTAL,"2104804|Underwood M,EMBO J,1990,9,91"
KVNSRKRRKEVPGPNGATEED,CTP,EXPERIMENTAL,"7814396|Wang Y,J Biol Chem,1995,270,354-60"
KVTKRKHDNEGSGSKRPK,hum-Ku70,EXPERIMENTAL,"10413594|Koike M,Exp.Cell,Res.1999,250,401-13"
"K[RK]{3,5}x{11,18}[RK]Kx{2,3}K",,EXPERIMENTAL,
LEKKVKKKFDWCA,prot.Hsci,EXPERIMENTAL,"8618844|Nederlof PM,PNAS,1995,26,12060-4"
LKDVRKRKLGPGH,DNAseEBV,EXPERIMENTAL,"9683572|Liu MT,Virology,1998,247,62-73"
LKRKLQR,Pax-QNR,EXPERIMENTAL,"9019158|Carriere C,Cell Gr Diff,1995,6,1531-40"
LKRPRSPSS,EBNA1,EXPERIMENTAL,"9020106|Fischer N,J.Biol.Chem.1997,272,3999-4005"
MAPSAKATAAKKAVVKGTNGKKALKVRTSATFRLPKTLKLAR,L25,EXPERIMENTAL,"9321403|Schlenstedt G,EMBO J,1997,16,6237-6249"
MNKIPIKDLLNPG,Mat-alpha,EXPERIMENTAL,"6323016|Herskowitz I,Cell,1984,36,1057"
MPKTRRRPRRSQRKRPPT,Rex,EXPERIMENTAL,"9891056|Palmeri D,Mol.Cell.Biol.1999,19,1218-25"
MPTEERVRKRKESNRESARRSRYRKAAHLK,opaque2,EXPERIMENTAL,"7846044|Hicks GR,PNAS,1995,92,734-8"
NQSSNFGPMKGGNFGGRSSGPYGGGGQYFAKPRNQGGY,M9,EXPERIMENTAL,"8808633|Pollard VW,Cell,1996,86,985-994"
PAAKRVKLD,lscMyc,EXPERIMENTAL,"10567565|Welch K,Mol Cell,Biol.1999,19,8400-11"
QRKRQK,NF-kB,EXPERIMENTAL,"9020149|Nadler SG,J.Biol.Chem.1997,272,4310-4315"
RAIKRRPGLDFDDDGEGNSKFLR,hARNT,EXPERIMENTAL,"9211913|Eguchi H,J Biol Chem,1997,272,17640-7"
REKKEKEQKEKCA,prot.Hsc9,EXPERIMENTAL,"8618844|Nederlof PM,PNAS,1995,26,12060-4"
RRPSx{22}RRKRQ,PK-A,EXPERIMENTAL,"9712906|Briggs LJ,J.Biol.Chem.1998,273,22745-22752"
RRRx{11}KRRK,CBP80,EXPERIMENTAL,"9334211|Miyamoto,Y,J.Biol.Chem.1997,272,26375-81"
RRSMKRK,hVDR,EXPERIMENTAL,"9632111|Hsieh JC,J Cell Biochem,1998,70,94-109"
RVHPYQR,QKI-5,EXPERIMENTAL,"10506177|Wu J.,J Biol Chem.,1999,274,41,29202-10"
SANKVTKNKSNSSPYLNKRGKPGPDS,Pho4,EXPERIMENTAL,"9732266|Kaffman A,Genes Dev 1998,12,2673-2683"
SDKKVRSRLIECA,Ta.alpha,EXPERIMENTAL,"8618844|Nederlof PM,PNAS,1995,26,12060-4"
SKRVAKRKL,c-erb-A,EXPERIMENTAL,"2553699|Dang and Lee,J Biol Chem,1989,264,18019"
SxGTKRSYxxM,FluA,EXPERIMENTAL,"9770415|Weber F,Virology,1998,250,9-18"
TEKK[QG]KSILYDCA,prot.Hsc3,EXPERIMENTAL,"8618844|Nederlof PM,PNAS,1995,26,12060-4"
TKRSxxxM,influenzaNP,EXPERIMENTAL,"9032315|Wang P,J Virol,1997,71,1850-6"
VNEAFETLKRC,MyoD,EXPERIMENTAL,"7753857|Vandromme M,PNAS,1995,10,4646-50"
VSRKRPR,polyoma,EXPERIMENTAL,"3000623|Lrg-T Richardson W,Cell,1986,44,77"
YKRPCKRSFIRFI,DNAseEBV,EXPERIMENTAL,"9683572|Liu MT,Virology,1998,247,62-73"
YLTQETNKVETYKEQPLKTPGKKKKGKP,PTHrP,EXPERIMENTAL,"10066803|Lam MH,J.Biol.Chem.1999,274,7391-7398"
YNNQSSNFGPMKGGN,M9,EXPERIMENTAL,"9144189|Blobel G,PNAS,1997,94,5055-5060"
[KAR]TPIQKHWRPTVLTEGPPVKIRIETGEWE[KA],ASVintegrase,EXPERIMENTAL,"9858717|Kukolj G,Gene,1998,223,157-63"
RRMKWKK,PDX-1,EXPERIMENTAL,"10567702|Moede T.,FEBS Lett.,1999,461,3,229-34"
RRKGKEK,Hunt.Dis.pro,EXPERIMENTAL,"8774958|Bessert DA,BraResMolBraRes,1995,(33)165-73"
RGRRRRQR,Amida,EXPERIMENTAL,"10644725|Irie Y,J.Biol.Chem.2000,275,2647-53"
RIRKKLR,p54,EXPERIMENTAL,"8937981|Mizuni T,J Cell Sci,1996,109,2627-36"
RKCLQAGMNLEARKTKK,hGlu.cort.,EXPERIMENTAL,"9388480|Kaneko H,Bioc Biop Res Com,1997,240,348-53"
RKEWLTNFMEDRRQRKL,hDNAtopoII,EXPERIMENTAL,"9388480|Kaneko H,Bioc Biop Res Com,1997,240,348-53"
RKKRKx{9}KAKKSK,N1N2,EXPERIMENTAL,"10336485|Hu W,J.Biol.Chem.1999,274,15820-15827"
RKKRRQRRR,HIV-1Tat,EXPERIMENTAL,"9891055|Truant R,Mol.Cell.Biol.1999,19,1210-7"
RKRAFHGDDPFGEGPPDKK,ICP-8,EXPERIMENTAL,"1545814|Gao M,Mol.Cell.Biol.,1992,12,1330"
RKRIREDRKATTAQKVQQMKQRLNENERKRKR,TCPTP,EXPERIMENTAL,"9261175|Tiganis T,J.Biol.Chem.1997,272,1548-21557"
RKRKK,ystDNApolalpha,EXPERIMENTAL,"8590799|Bouvier D,Mol Bio Cell,1995,6,1697-705"
RKRKKMPASQRSKRRKT,hBLM,EXPERIMENTAL,"9388480|Kaneko H,Bioc Biop Res Com,1997,240,348-53"
RKRRR,Amida,EXPERIMENTAL,"10644725|Irie Y,J.Biol.Chem.2000,275,2647-5"
RLKKLKCSKx{19}KTKR,GAL4,EXPERIMENTAL,"9930321|Chan CK,gene,Ther.1998,5,1204-12"
RPRRK,SRY,EXPERIMENTAL,"9346931|Sudbeck P,J.Biol.Chem.1997,272,27848-52"
RQARRNRRRRWR,HIV-1Rev,EXPERIMENTAL,"9891055|Truant R,Mol.Cell.Biol.1999,19,1210-7"
RRERNKMAAAKCRNRRR,cFOS,EXPERIMENTAL,"9388480|Kaneko H,Bioc Biop Res Com,1997,240,348-53"
RRERx{4}RPRKIPR,BDV-P,EXPERIMENTAL,"9934690|Schwemmle M,J.Gen.Vir.1999,80,97-100"
"[KR]{4}x{20,24}K{1,4}xK",,EXPERIMENTAL,
KKKRERLD,RCP,EXPERIMENTAL,"10359596|Gascard P,Mol.Biol.Cell.,1999,10,1783-1798"
KRKRRP,BRCA1,EXPERIMENTAL,"8955125|Chen CF,J.Biol.Chem.1996,271,32863-32868"
IKYFKKFPKD,"yeast,SKI3",EXPERIMENTAL,"2660461|Rhee S,Yeast,1989,5,149"
HRKYEAPRHx{6}PRKR,L3,EXPERIMENTAL,"3931077|Moreland R,PNAS,1985,82,6561"
KRKx{11}KKKSKK,hpoly(ADP)poly,EXPERIMENTAL,"1505517|Schreiber V,EMBO J,1992,11,3263-9"
HRIEEKRKRTYETFKSI,NF-kB,EXPERIMENTAL,"9020149|Nadler SG,J.Biol.Chem.1997,272,4310-4315"
KRKx{22}KELQKQITK,HIV-1,EXPERIMENTAL,"9275210|Gallay P.,PNAS,1997,94,9825-9830"
KRMRNRIAASKCRKRKL,cJUN,EXPERIMENTAL,"9388480|Kaneko H,Bioc Biop Res Com,1997,240,348-53"
KRPAATKKAGQAKKKK,Nucloplasmin,EXPERIMENTAL,"1991323|Dingwall C,Cell,1991,64,615-23"
EEDGPQKKKRRL,polyomaVP2,EXPERIMENTAL,"1333132|Chang D,Virology,1992,191,978"
KRPACTLKPECVQQLLVCSQEAKK,HCDA,EXPERIMENTAL,"10497201|Somasokaram A.,J Biol Chem.,1999,274,40,28405-12"
KRPAEDMEEEQAFKRSR,humKprotein,EXPERIMENTAL,"9218800|Dreyfuss G,EMBO,J.1997,12,3587"
KRPMNAFIVWSRDQRRK,SRY,EXPERIMENTAL,"9346931|Sudbeck P,J.Biol.Chem.1997,272,27848-52"
KRPMNAFMVWAQAARRK,SOX9,EXPERIMENTAL,"9346931|Sudbeck P,J.Biol.Chem.1997,272,27848-52"
KRKKEMANKSAPEAKKKK,Nucleolin,EXPERIMENTAL,"8408305|Nigg EA,J Cell Sci,1993,105,799-806"
APKRKSGVSKC,polyomaVP1,EXPERIMENTAL,"1322607|Chang D,Virology,1992,189,821-27"
KRAAEDDEDDDVDTKKQK,hProTalpha,EXPERIMENTAL,"9287131|Rubstov YT,FEBS Let,1997,413,135-41"
KKKRRSREK,TCF-1,EXPERIMENTAL,"9671491|Prieve,MG,Mol.Cell.Biol.1998,18,4819-32"
KKKKKEEEGEGKKK,"act/inh,betaA",EXPERIMENTAL,"10026103|Blauer M,Biol.Repr.1999,60,588-93"
KKKYKLK,HIV1422,EXPERIMENTAL,"9020149|Nadler SG,J.Biol.Chem.1997,272,4310-4315"
KKQTTLAFKPIKKGKKR,hDNAtopoII,EXPERIMENTAL,"9388480|Kaneko H,Bioc Biop Res Com,1997,240,348-53"
CKRKTTNADRRKA,MyoD,EXPERIMENTAL,"7753857|Vandromme M,PNAS,1995,10,4646-50"
KKEKKKSKK,dyskerin,EXPERIMENTAL,"10744426|Youssoifan H,BloodCellMolDis,1999,25,305"
KHRKHPG,L29,EXPERIMENTAL,"2104804|Underwood M,EMBO J,1990,9,91"
KRx{9}KTKK,THOV,EXPERIMENTAL,"9770415|Weber F,Virology,1998,250,9-18"
CYGSKNTGAKKRKIDDA,,EXPERIMENTAL,
KKSKKGRQEALERLKKA,hDNApolalpha,EXPERIMENTAL,"9388480|Kaneko H,Bioc Biop Res Com,1997,240,348-53"
KDCVINKHHRNRCQYCRLQR,TR2,EXPERIMENTAL,"9795341|Yu J.,Endoc.1998,159,53-60"
KAKRQR,v-Rel,EXPERIMENTAL,"2828665|Gilmore TD.,J Virol.,1988,62,703-14"
KKx{15}KKRK,DNAhelicaseQ1,EXPERIMENTAL,"9334211|Miyamoto,Y,J.Biol.Chem.1997,272,26375-81"
EYLSRKGKLEL,VirD2-Nterm,EXPERIMENTAL,"1502156|Tinland B,PNAS,1992,16,7442-6"
KRQRx{20}KKSKK,Mitosin,EXPERIMENTAL,"9497340|Li S,J.Biol.Chem.1998,273,6183-6189"
KRSAEGGNPPKPLKKLR,p110RB1,EXPERIMENTAL,"8336704|Zacksenhaus E,Mol Cell Biol,1993,13,4588-99"
APTKRKGS,SV40()VP1,EXPERIMENTAL,"3023047|Wychowski C,EMBO J,1986,5,2569"
KKKKRKREK,LEF-1,EXPERIMENTAL,"9671491|Prieve,MG,Mol.Cell.Biol.1998,18,4819-32"
KRPRP,adenovE1a,EXPERIMENTAL,"3614197|Rosenberg M,Mol. Cell Bio.,1987,7,2451-6"
GRKRKKRT,Tst1/Oct6,EXPERIMENTAL,"8663425|Sock E,J Biol Chem,1996,271,17512-8"
HKKKKIRTSPTFTTPKTLRLRRQPKYPRKSAPRRNKLDHY,BIB,EXPERIMENTAL,"9687515|Jaekel S,EMBO J,1998,17,4491-4502"
GGGx{3}KNRRx{6}RGGRN,Nab2,EXPERIMENTAL,"9488461|Cullen BR,Mol.Cell.Biol.,1998,18,1449-1458"
GKKRSKA,H2B,EXPERIMENTAL,"3123916|Moreland RB.,Mol Cell Bio.,1987,7,4048-57"
GKKKYKLKH,HIV-1,EXPERIMENTAL,"8551560|Gallay P.,J Virol.,1996,70,1027-1032"
[DE]K[NIF]RR[DEK][STMNQ],,POTENTIAL,
[DE]KR[MQN]R[MQN]R,,POTENTIAL,
[DE]KK[PL][GL]K[GL],,POTENTIAL,
"R[RK]x{4,6}[RK][RK]x[RK]x{1,3}[RK][RK][PLQ]",,POTENTIAL,
"R[RK]{2,4}[PL][RK][MNQ]R",,POTENTIAL,
"R[RK]{2,4}x{15,19}[RK]{2,4}[QLM]K",,POTENTIAL,
"R[RK]{3,}?[DE]K",,POTENTIAL,
[DE]KxRRK[MNQ],,POTENTIAL,
[DE]RKRR[DEPLQ],,POTENTIAL,
[DE]RxKKKK,,POTENTIAL,
"[DE][RK]{2,4}[GA]R[PL][GA]",,POTENTIAL,
"R[PL]xx[KR]{2,}?xx[KR]V",,POTENTIAL,
[DE][KR]RR[KR][FYW],,POTENTIAL,
R[QMPL]RR[DE]R,,POTENTIAL,
R[RK]K[RK]KR,,POTENTIAL,
"R[RK]x[KR]x[RK]{2,}?[DE]",,POTENTIAL,
R[STCMNQ]R[STCMNQ]KR,,POTENTIAL,
"[DE]R{2,4}xRK[PL]",,POTENTIAL,
RxKKKK[DE],,POTENTIAL,
"R{2,}?PR{3,}?",,POTENTIAL,
T[PLV]KRC,,POTENTIAL,
"R{2,3}xK{2,3}R[ST]",,POTENTIAL,
"D[KR]x{0,1}[QL][RK]{2,3}R",,POTENTIAL,
"R{2,3}K{3,4}[PLRKE]",,POTENTIAL,
"Rx{2,3}RRRRRR",,POTENTIAL,
"Rx{2,3}Hx{3,5}RRRR",,POTENTIAL,
DR[MN]KKKKE,,POTENTIAL,
WKQ[KR]RKF,,POTENTIAL,
Rx[KR][KR][KR]xxRKKR,,POTENTIAL,
Rx[KR][KR]K[PLQM]R,,POTENTIAL,
"RxR{2,}?[QL]x[ST]R",,POTENTIAL,
RxRxRxRxRxRxK,,POTENTIAL,
RxRxRxRxRxR,,POTENTIAL,
"RxRSRSx{0,1}RxR",,POTENTIAL,
DK[QL]KK[QL],,POTENTIAL,
"RxRRx{4,6}RKK",,POTENTIAL,
"R{2,}?[QMN]R{3,}?",,POTENTIAL,
[TS][RK]KK[VLI]R[PL],,POTENTIAL,
[QL]xKRxKxKK,,POTENTIAL,
"[QL]K{2,4}x{8,12}[RK][QL][RK][QL]KR",,POTENTIAL,
[PVLI][RK][RK][RK][RK][RK][QMN]K,,POTENTIAL,
[PL]xxKR[IV]K[PL][DE],,POTENTIAL,
"[PL][RK]{2,3}K[PLI][RK]x[PLI]xK",,POTENTIAL,
[PL][RK][RK][KR][GAPL][RK][STQM],,POTENTIAL,
[PL][RK][RK][DEP]R[RK][FYW],,POTENTIAL,
[PL][PL]x[KR]R[DE][KR][QST],,POTENTIAL,
"[PL][KR]{5,7}[PL]",,POTENTIAL,
[PL]R[DE]K[DE]R,,POTENTIAL,
[PL]RKRK[PL],,POTENTIAL,
"[RK]H[RK]xxx[RK]{2,4}xR",,POTENTIAL,
"[RK]K{2,4}x[RK][QL][RK][PL]",,POTENTIAL,
[RK]R[MS]KxK[KR],,POTENTIAL,
"[ST]Gx{1,3}G{3,}?x{1,2}G{3,}?[ST]",,POTENTIAL,
[STQM]RRRK[STQM],,POTENTIAL,
[STQM]RKRR[STQM],,POTENTIAL,
[STQM]RKRK[STQM],,POTENTIAL,
"[RK]{4,}?[QMNPL][RK]x{3,4}[RK]{2}",,POTENTIAL,
"[RK]{3,}?x{8,16}[RK]{4,}?",,POTENTIAL,
"[RK]{3,}?x[RK]x[RK]x{4,9}[RK]{3,}?",,POTENTIAL,
"[RK]{2,4}x{2,4}[QLM][RK]x{2,3}[RK]KR",,POTENTIAL,
"[RK]{2,4}x{1,2}[RK]x{0,2}[RK]x{3,5}[RK]x{0,2}[RK][RK]{2,4}[PL]",,POTENTIAL,
"[RK]x[RK]x[KR]x{4,6}RKK",,POTENTIAL,
"[RK][PLIV][KR][RK]{2,4}[PLVI]R",,POTENTIAL,
[PL]KxxKRR,,POTENTIAL,
[PLV]RK[ST]R[DE]K,,POTENTIAL,
[YFW]RRRR[PL],,POTENTIAL,
"[KR][DE][KR][DE]xx[KR]{4,}?",,POTENTIAL,
"[KR]XXKNKX{6,8}K[KR]",,POTENTIAL,
[KR]KRKK,,POTENTIAL,
"[KR]G{2,}?xxG{3,}?[RK]",,POTENTIAL,
[QMN]R[RK]xKx[RK][RK],,POTENTIAL,
[GA][KR]KRx[KR][GA],,POTENTIAL,
[GA]Rx[RK]x[RK][RK]x[QM],,POTENTIAL,
[GA]KxKKK[MNQ],,POTENTIAL,
[GAPLV]RKRKKR,,POTENTIAL,
"[ED]R{4,}?[ED]",,POTENTIAL,
[DE][ST][PL]KR[STC],,POTENTIAL,
[KR][KR][KR][KR][KR][KR][KR],,POTENTIAL,
[KR][KR][QMN]R[RK][QMN]R,,POTENTIAL,
[KR][KR]x[KR][KR][KR]x[KR][KR],,POTENTIAL,
[PLV]K[RK]x[RK][RK][RK][PL],,POTENTIAL,
[PLV]K[RK]x[QMN][RK]R,,POTENTIAL,
"[PLQ][KR]x{3,4}KKRK",,POTENTIAL,
"[PLQ]K[RK]x{1,2}[RK]x{3,6}[RK][RK]x{1,2}[RK]x{1,2}[RK][RK]",,POTENTIAL,
[PLQMNKR]K[KR][KR]RxK[PLQMNKR],,POTENTIAL,
[PLQMKR]R[KR][QM][KR]RxK,,POTENTIAL,
[MI]VWSRD[HEQ]RRK,,POTENTIAL,
[LF][STK][VIQM][KR]R[QMVI][STK]L,,POTENTIAL,
"[KR]{2}x{0,1}[KR]{2,4}x{25,34}K{2,4}x{1,2}K",,POTENTIAL,
"[KR]{2,}?[PL]x{1,4}[KR]{2,}?x{1,5}K{3,}?",,POTENTIAL,
"[KR]{2,3}xxKR[KR][QLM]",,POTENTIAL,
"[DE][RK]{3,}?x[KR]{2,}?[PL]",,POTENTIAL,
KKRKRT,,POTENTIAL,
"KRKx{10,14}[KR]{3,}?x[KR]K",,POTENTIAL,
PK[KR][KRP][RAK][KT][VSE],,POTENTIAL,
"PKRPx{5,8}Lx{2,4}RxKxK",,POTENTIAL,
"KRKx{2,4}DRRK",,POTENTIAL,
PKKKxRK,,POTENTIAL,
"KRKx{5,10}KK[PL]K",,POTENTIAL,
N[QR]RQ[RK][EG]KR[IVLS],,POTENTIAL,
LKKIKQ,,POTENTIAL,
KR[GPL]R[GPL]R[GLP]RK,,POTENTIAL,
KR[MNSQ]R[MNSQ]R,,POTENTIAL,
"KRKx{0,8}KR[PL]K",,POTENTIAL,
KRGRGRPRK,,POTENTIAL,
"KKx{1,7}K[PL][PLIV]KK",,POTENTIAL,
"RER[MNQ]Kx{4,8}R[MNQ]RR",,POTENTIAL,
KKRKR[KR],,POTENTIAL,
KKRKR[ST],,POTENTIAL,
Q[RK][HRK][RK]xRR,,POTENTIAL,
KKRRK,,POTENTIAL,
QNRRxKx[RK][RK][DQE],,POTENTIAL,
"Px[PQLVMN][KR]{2,3}xKQ",,POTENTIAL,
KKRRxK,,POTENTIAL,
KK[MNQSTC]R[MNQSTC]K[MNQSTC],,POTENTIAL,
"KKxRx{3,5}R[PVL]K",,POTENTIAL,
"K{3,4}R{2,3}",,POTENTIAL,
"K{1,}?R{2,}?[QM]R{2,}",,POTENTIAL,
KxxKxKxKxxxxxRKK,,POTENTIAL,
K[GA]K[AG]KK[AG],,POTENTIAL,
"KR[RK][RK]x{2,4}[RK]x{0,2}Rx{3,5}[RK]x{0,2}[RK]x{0,2}[RK][RK]K",,POTENTIAL,
"KR[ST]RxxR{2,4}[QL]K",,POTENTIAL,
"KRxRxRx{2,6}RKRK",,POTENTIAL,
KRxRxxRRLK,,POTENTIAL,
"KR{3,}?[LVI]",,POTENTIAL,
"KR{2,4}x{3,6}[RK]{2,4}x{0,2}KR",,POTENTIAL,
KKRR[DE]K,,POTENTIAL,
KRx[DE][KR][KR]xK,,POTENTIAL,
KRxxKKxK[DE],,POTENTIAL,
K[IVQM]RR[VI][STK]L,,POTENTIAL,
K[KR][KR]RR[KR],,POTENTIAL,
K[KR][QMN][RK]R[QMN]R,,POTENTIAL,
Kx[PLV][RK][RK]RK,,POTENTIAL,
KxKxKxxxxxRKK,,POTENTIAL,
KxKRQR,,POTENTIAL,
KR[PLV][GA]KRK[PL],,POTENTIAL,
"K[RK]{2,}?[QL]x{3,8}R{3}",,POTENTIAL,
"K[RK]{2,4}[ST]H",,POTENTIAL,
"K[PL]K{3,}?xKK",,POTENTIAL,
"K[PL]K{2,3}x{1,3}[RK]{2,4}x{6,9}K[KR]",,POTENTIAL,
K[PLMN]RRK[MNQ],,POTENTIAL,
K[MNQ]RR[PLVI]K[PL],,POTENTIAL,
"KRx{1,3}Hx{3,5}R[LQ]RR",,POTENTIAL,
R[PL]xGx[KR][KR]xK,,POTENTIAL,
RRxRxKxKQ,,POTENTIAL,
RRxR[PVL]RK,,POTENTIAL,
RRxRRRRR,,POTENTIAL,
RRxKRxK[PLV],,POTENTIAL,
RR[TS]x[QK][KR][KN],,POTENTIAL,
RR[TS]x[QK][KR][KNS],,POTENTIAL,
RR[PLQMN]xRRRR,,POTENTIAL,
RR[PLIV]RKxK,,POTENTIAL,
"G{2,4}[RK]x{1,3}G{3}",,POTENTIAL,
"RRR{3,5}T",,POTENTIAL,
RRxRxRKQ,,POTENTIAL,
RRxxKRK,,POTENTIAL,
"RRx{0,1}RRRRR",,POTENTIAL,
"R[MNQ]x{4,8}R[MNQ]RR",,POTENTIAL,
R[MNQ]RRRRxR,,POTENTIAL,
"R[KR]{3,4}K[DE]",,POTENTIAL,
"R[KR][RK]x{0,2}[RK]x{0,2}[RK]x{3,5}[RK]x{0,2}[RK][RK][RK][RK][PMQL]",,POTENTIAL,
R[KR]RRRRxR,,POTENTIAL,
R[IVLP][IVLP]KRR,,POTENTIAL,
R[GVLIP]RRRRxR,,POTENTIAL,
"R[GA]x{0,2}[GA]R[GA]x[GA]R[GA]",,POTENTIAL,
R[GA][IVLP]KRR,,POTENTIAL,
"GR[RK]{2,4}xx[RK][QL]",,POTENTIAL,
RRR[PL]RK,,POTENTIAL,
RRR[LP]xxR[PLQ],,POTENTIAL,
RRRRRxRR,,POTENTIAL,
"RKR{3,5}[ST]",,POTENTIAL,
"RKRx{12,16}RRKK",,POTENTIAL,
RKR[PLQMN]R[PLQMN]R,,POTENTIAL,
RKRKR[KR],,POTENTIAL,
"KKKKKx{3,6}KK",,POTENTIAL,
KKKKR[KR],,POTENTIAL,
RKKRRxR,,POTENTIAL,
KKKR[KR][VPL],,POTENTIAL,
RKKRKR,,POTENTIAL,
"KKPx{6,9}Kx{1,3}RK",,POTENTIAL,
RK[IVE]W[ML][TQR]N[HF],,POTENTIAL,
RK[PL][PLV]KK[RKH],,POTENTIAL,
RK[RK][QML][RK]xR,,POTENTIAL,
"RRRRRRx{0,2}R",,POTENTIAL,
RRRRRR,,POTENTIAL,
RRRK[STC]K,,POTENTIAL,
RRRKKR,,POTENTIAL,
"RRKx{5,7}RRR",,POTENTIAL,
"RRKx{3,5}R[DE]R{3,}?[PLV]",,POTENTIAL,
"RRER[MNQ]Kx{4,8}R[MNQ]RRR",,POTENTIAL,
KHLKGR,,POTENTIAL,
"RKx{7,12}RK[STMNQ]KK",,POTENTIAL,
"RK]{2,4}[PL][RK]x{7,11}[RK][QL]KH",,POTENTIAL,
"RH[RK]Hx{2,4}[RK]{2,4}[PL]R",,POTENTIAL,
